filename,path,width_px,height_px,format,bytes,sha256
banner-main.webp,images/web/banner-main.webp,1784,882,WEBP,1359144,e0dbcb8930697b9794e1717269bb8d4036ed2188b98660572e05ff43c01985ac
zim-anti-rust-coolant-1-liter-green-back.webp,images/web/zim-anti-rust-coolant-1-liter-green-back.webp,1254,1254,WEBP,1194372,02c5b4457ede259704c1ce9e6cb578d9bdea95f5e42de31424de234500c8be54
zim-anti-rust-coolant-1-liter-green-front.webp,images/web/zim-anti-rust-coolant-1-liter-green-front.webp,1254,1254,WEBP,1137436,dc1f33b827320512d79b3e030f6d67216d313bd0cf5bd58f1b47b8ad335bf133
zim-anti-rust-coolant-1-liter-red-back.webp,images/web/zim-anti-rust-coolant-1-liter-red-back.webp,1254,1254,WEBP,1162426,1fc09c95849b7f44f7aeb215d2db594ab419a767154e9420eddeec5a57de334e
zim-anti-rust-coolant-1-liter-red-front.webp,images/web/zim-anti-rust-coolant-1-liter-red-front.webp,1254,1254,WEBP,1145522,5bf287d9daa7c88d980ff650c346d2bf69d7fe7f3cd725652492b37b8506c802
zim-anti-rust-coolant-4-liter-green-back.webp,images/web/zim-anti-rust-coolant-4-liter-green-back.webp,1254,1254,WEBP,1341420,d2fbe5d59694d2810d66a0379ee864eccbc48db5772bf75b9c544a1155275c9a
zim-anti-rust-coolant-4-liter-green-front.webp,images/web/zim-anti-rust-coolant-4-liter-green-front.webp,1254,1254,WEBP,1235854,b840a2df8b1f0ed15155e68c2e03f2bdbbd3ea3e93122455cc76eeaa8565c9e0
zim-anti-rust-coolant-4-liter-red-back.webp,images/web/zim-anti-rust-coolant-4-liter-red-back.webp,1254,1254,WEBP,1370022,58fc8357a5eae2a911b1818dc5710e83e52ec29f3b0950026da610b18a489d01
zim-anti-rust-coolant-4-liter-red-front.webp,images/web/zim-anti-rust-coolant-4-liter-red-front.webp,1254,1254,WEBP,1224354,fdcafaa84ae9db22839c9b17347154baa469e8eb8f841693a3549f44b2bc5bdb
zim-atf-back.webp,images/web/zim-atf-back.webp,1254,1254,WEBP,175336,74e084454161f97f6b97670afa68f0d4f34474af3b4edbb65ef65761f1de12d5
zim-atf-front.webp,images/web/zim-atf-front.webp,1254,1254,WEBP,160664,5ab184cab39bbf6fe9f579262a0ee269edfa4bf92bbb447566896ed268aeb6de
zim-gear-oil-1-liter-back.webp,images/web/zim-gear-oil-1-liter-back.webp,1254,1254,WEBP,180016,a2b346bb6b175080449a657fa8126e02b0bbee8842680702105116456f33b82f
zim-gear-oil-1-liter-front.webp,images/web/zim-gear-oil-1-liter-front.webp,1254,1254,WEBP,170890,f087e7215d871a67994096fa130266a068b60750d86a296aa0c1c11aab52ae5b
zim-logo.png,images/web/zim-logo.png,256,92,PNG,16437,f19aa86745e319cd21d3298016630bc92542829b4e64f0e3726123e580c13da8
zimx-anti-freeze-anti-boil-1-liter-green-back.webp,images/web/zimx-anti-freeze-anti-boil-1-liter-green-back.webp,1254,1254,WEBP,77440,8c07150e1cacf9c0f2a7e30d685a1914070536962c44e7e1ecedb04ff95b6a53
zimx-anti-freeze-anti-boil-1-liter-green-front.webp,images/web/zimx-anti-freeze-anti-boil-1-liter-green-front.webp,1254,1254,WEBP,67668,8c25fad064687cdaee260bfb9e5ea5f606dafb2a123b2ad211c415bc263e8327
zimx-anti-freeze-anti-boil-1-liter-red-back.webp,images/web/zimx-anti-freeze-anti-boil-1-liter-red-back.webp,1254,1254,WEBP,74312,0f08e8a609b5709744715817a7415bbc3368ba4aeccd8c50857bbc20043870a7
zimx-anti-freeze-anti-boil-1-liter-red-front.webp,images/web/zimx-anti-freeze-anti-boil-1-liter-red-front.webp,1254,1254,WEBP,80750,12b0e3d8abad9bdc938feb0c59b719959101f3f7cae6453fd604056647b2381a
zimx-anti-freeze-anti-boil-4-liter-green-back.webp,images/web/zimx-anti-freeze-anti-boil-4-liter-green-back.webp,1254,1254,WEBP,1168034,44ce6a58a283a98000d80d5ac6178050ebc8703c7b2686307f8f93dcfdaaf1ef
zimx-anti-freeze-anti-boil-4-liter-green-front.webp,images/web/zimx-anti-freeze-anti-boil-4-liter-green-front.webp,1254,1254,WEBP,1082862,f31eb20994ea0f4fdbec6da78dda0e00ce68cdaf2ab25d617a0522c5f82b7316
zimx-anti-freeze-anti-boil-4-liter-red-back.webp,images/web/zimx-anti-freeze-anti-boil-4-liter-red-back.webp,1254,1254,WEBP,1153272,d7d1e95e325fff2784ee714912e44d702e20bcc2c66612cb58d6c6320619b355
zimx-anti-freeze-anti-boil-4-liter-red-front.webp,images/web/zimx-anti-freeze-anti-boil-4-liter-red-front.webp,1254,1254,WEBP,1133058,a8ff490c4028863132d8c2c1f9433d7ac52ce9bf4c7180378fc055486651c5c5
zimx-nozzle.webp,images/web/zimx-nozzle.webp,1254,1254,WEBP,81012,7e7113d8d264454e47facb1ee2b35a5a52b8bb842903fefb4f05357a508dd16d
zim-anti-rust-coolant-4-liter-green-back.png,images/originals/zim-anti-rust-coolant-4-liter-green-back.png,1254,1254,PNG,2798484,3919976c6eed5dca20e6ef2d06c8f93e2076934b724a1deaa6de6ed8b7fc7165
zim-anti-rust-coolant-4-liter-green-front.png,images/originals/zim-anti-rust-coolant-4-liter-green-front.png,1254,1254,PNG,2598598,a22f541a3eb583a03be8946384ce4057e49b8aa6e2aeee58bdbbf87c300d18e2
zim-anti-rust-coolant-4-liter-red-back.png,images/originals/zim-anti-rust-coolant-4-liter-red-back.png,1254,1254,PNG,2804749,59b3ce9bba78753b91d0d1053001a3df9995966ec5c3f08f065da6bc7c878970
zim-anti-rust-coolant-4-liter-red-front.png,images/originals/zim-anti-rust-coolant-4-liter-red-front.png,1254,1254,PNG,2586127,698cf1f7c2e99c747e8844d214f0ca76cce9aff4ce31b0ec0b71fbe16d8614ff
zimx-anti-freeze-anti-boil-4-liter-green-back.png,images/originals/zimx-anti-freeze-anti-boil-4-liter-green-back.png,1254,1254,PNG,2551276,1dc20f693c2fbfcedb2e1d6f240680fd21062afd89e3e656741df1daf4d55a70
zimx-anti-freeze-anti-boil-4-liter-green-front.png,images/originals/zimx-anti-freeze-anti-boil-4-liter-green-front.png,1254,1254,PNG,2384623,43d839240dc245bf7666d63f3ae2fb361037cf05841ad9c909e7b4414cfc776e
zimx-anti-freeze-anti-boil-4-liter-red-back.png,images/originals/zimx-anti-freeze-anti-boil-4-liter-red-back.png,1254,1254,PNG,2501260,d35f3f6bc4124003865a6459e2a2c8e73959f001ebdb9c4e649caaa0a2896c02
zimx-anti-freeze-anti-boil-4-liter-red-front.png,images/originals/zimx-anti-freeze-anti-boil-4-liter-red-front.png,1254,1254,PNG,2461204,7fb0d5a81bb9b3c9b5b4c65c50dfcd70eee2a45625229fc4e5efa37211e04a99
